{
  "configVersion": 1,
  "timestamp": 1582229372631,
  "index": "/index.html",
  "assetGroups": [
    {
      "name": "Sistema Memo",
      "installMode": "prefetch",
      "updateMode": "prefetch",
      "urls": [
        "/13.b044522c8bd6cf0cbf25.js",
        "/14.8e3666f628795f909e88.js",
        "/15.515a8857f9202e46ff17.js",
        "/16.54ca47cf362141c7d30e.js",
        "/17.ef9b7cb45f57ddd0862c.js",
        "/18.e7485742fd3f552fe003.js",
        "/19.467bff501200be4ef820.js",
        "/2.ae69fa4298b1443decd0.js",
        "/20.84a545fb9a66d52796a4.js",
        "/21.4c72ae8b2883ad399d3a.js",
        "/22.c0aabf6f29d94cd0f5fb.js",
        "/23.cb0de2f2f1760204a674.js",
        "/24.0eed1535342b9acba88c.js",
        "/25.a4330e845dbd55c40ddd.js",
        "/26.1edf8d8351d26b107e16.js",
        "/27.001af19ad98608c15f8c.js",
        "/28.2dce8685964d27042837.js",
        "/29.219a15d554551727cb91.js",
        "/3.9bab119a0a574cb71c1d.js",
        "/30.c0777d9df0a35500172d.js",
        "/31.336f6a96953c2f606ffa.js",
        "/32.9241150142c685502574.js",
        "/33.1127bfd67fbb41a30b18.js",
        "/34.5382e8f2a2576ca9e664.js",
        "/35.0c821e67846bb361015a.js",
        "/36.6812e64ee550d04ab492.js",
        "/37.feac9e3d73238ee6e7b3.js",
        "/38.310f0ceabf67925449f1.js",
        "/39.91da03d3835af68bd728.js",
        "/4.23a27eb1de32d69bcd8e.js",
        "/40.56fa1aa151bac90bc1f8.js",
        "/41.a40ec70f04683c9b9eb2.js",
        "/42.22bf684a70f204c01cfb.js",
        "/43.5f2565b390a27f070031.js",
        "/44.0612be37db88d646aad1.js",
        "/45.6b7ee36a16a69a11e459.js",
        "/46.599f1613f11766e63e4e.js",
        "/47.6ef43fdf166789bd7d28.js",
        "/48.19b38f4f2a7482ca8b01.js",
        "/49.83f6dd3d1b4c469e8424.js",
        "/5.f151b486a3b5da1d5e55.js",
        "/50.4408ff38cbe462f34cdb.js",
        "/51.61c330c386b96a2a7aa0.js",
        "/52.21138ae6c1f3bbdc70c1.js",
        "/53.168239c70155aa894389.js",
        "/54.ca7108ef4f0136f83806.js",
        "/55.95eedbb8a24fdbf9fdc4.js",
        "/56.3cf05e1978feb75670b2.js",
        "/57.189949dc9f43dfd0fe8c.js",
        "/58.94e770046db3aa228a95.js",
        "/59.2d94ef88629453a27c6c.js",
        "/6.1e9c31e1689f42671d09.js",
        "/60.07da7f3e3dee50e5a2db.js",
        "/61.4186e84a83e99b2757e8.js",
        "/62.b876dc1c448fac45323e.js",
        "/63.5ab765f6b879151b3598.js",
        "/64.33bceda99af6e71ac056.js",
        "/65.4370e4be00d6be30b020.js",
        "/66.8ea3900370965a4d37cb.js",
        "/67.0090c7b3e42b622359b6.js",
        "/68.18f687b039801fc25c82.js",
        "/69.74ef5ee40b51e78c71ba.js",
        "/7.55617726c9c6afe6e7ab.js",
        "/70.e783ec3bec707142605a.js",
        "/71.b98b192b50a4b1817af4.js",
        "/72.d6d7f5336d0f70f5440c.js",
        "/73.6dd80d5a035207e87292.js",
        "/74.fbd070924937b09d7ce1.js",
        "/75.4b508418e2f76761d513.js",
        "/76.677c64561e1491db8d46.js",
        "/77.077033a93d2c6f81d005.js",
        "/78.a184e82932a95a8ec2f0.js",
        "/79.61268c54eaf80dbda24c.js",
        "/8.a4c61bedce5b9e873c4d.js",
        "/80.1b10e7aebef9c8648c92.js",
        "/81.54298f8304c9ff6b8fa3.js",
        "/82.9406fe00371d69de9740.js",
        "/83.f6c6e6b15f9c1d7a886c.js",
        "/84.89fb00fb1b2aa4b29fe9.js",
        "/85.7100a1d5255abf9cba2a.js",
        "/86.b60d3c0911d9795cf9ad.js",
        "/87.4e66d03147ae5ef5a039.js",
        "/88.79346bfd84e523fc9b6c.js",
        "/89.8751fc7c088ba70837bb.js",
        "/90.648a84e800d69f6c6ab6.js",
        "/91.6a81bcb315e90bf6bfb1.js",
        "/92.11547061753f4eb2a2d5.js",
        "/93.c56f23063746d93e6df3.js",
        "/94.a2356a18f7c10c7e3adf.js",
        "/95.8ca5e1648e58aea4f735.js",
        "/96.f3d41707a25645ddb2f2.js",
        "/common.a9b08234626bdd08e359.js",
        "/index.html",
        "/main.32a73b43091b850b8419.js",
        "/polyfills-es5.202c59e2c59b3d61d0d5.js",
        "/polyfills.3dc276a142ae9b623bbf.js",
        "/runtime.81506cfb575d79e11b54.js",
        "/styles.8338654b53b6742e9a15.css"
      ],
      "patterns": []
    },
    {
      "name": "assets",
      "installMode": "prefetch",
      "updateMode": "prefetch",
      "urls": [
        "/assets/i18n/en.json",
        "/assets/i18n/es.json",
        "/assets/i18n/pt.json",
        "/assets/icon/favicon.png",
        "/assets/icons/icon-128x128.png",
        "/assets/icons/icon-144x144.png",
        "/assets/icons/icon-152x152.png",
        "/assets/icons/icon-192x192.png",
        "/assets/icons/icon-384x384.png",
        "/assets/icons/icon-512x512.png",
        "/assets/icons/icon-72x72.png",
        "/assets/icons/icon-96x96.png",
        "/assets/images/logo.png",
        "/assets/images/sem_foto.jpg"
      ],
      "patterns": []
    }
  ],
  "dataGroups": [],
  "hashTable": {
    "/13.b044522c8bd6cf0cbf25.js": "9af3c8cc382ddea8ab70f19151a490178b5b7ab7",
    "/14.8e3666f628795f909e88.js": "de9c6022644420c516442551889e97afe93bfbf2",
    "/15.515a8857f9202e46ff17.js": "a6fed4c37f0be5f26df98243576960980ef32fb4",
    "/16.54ca47cf362141c7d30e.js": "a43649d3080062d127261800fb5982b1d7caa4f4",
    "/17.ef9b7cb45f57ddd0862c.js": "d48f36c72988e0a3b00d535298e75679295ae36e",
    "/18.e7485742fd3f552fe003.js": "fdfa952dd71088b14462c945393a9e7ef10ac0c3",
    "/19.467bff501200be4ef820.js": "eefca92a69501ec531776368e5bda431f217c1a5",
    "/2.ae69fa4298b1443decd0.js": "159ef3ac4beb517dfa8e23a7a35981f6375e86ef",
    "/20.84a545fb9a66d52796a4.js": "52048b483ab5d7de3b68f6a650cdebab5ed89dc2",
    "/21.4c72ae8b2883ad399d3a.js": "f83c7a1a6f6712194302c8428fa5ea770c1b5c7a",
    "/22.c0aabf6f29d94cd0f5fb.js": "de0cb9bce46bfc17cb0f7720ea4ff1ef0c8be119",
    "/23.cb0de2f2f1760204a674.js": "ca9b868d2722d1a41c2a0238663fe4f0d1c2bc88",
    "/24.0eed1535342b9acba88c.js": "c602d630c03a0e718eb2cc5207959fd47f686db6",
    "/25.a4330e845dbd55c40ddd.js": "32f54c16071a15f56b6c895c7a9126b91724fcbf",
    "/26.1edf8d8351d26b107e16.js": "c0e2211c9c8327764e78f210e79ebb1833ae5978",
    "/27.001af19ad98608c15f8c.js": "264d8d2c4e0fb6365b29493712749357fa7d432e",
    "/28.2dce8685964d27042837.js": "ed3ea5a2138cd7b888c7f0fcc9f0484a26de9755",
    "/29.219a15d554551727cb91.js": "280063dce51be4f7deda68ae8c9204a76cc20244",
    "/3.9bab119a0a574cb71c1d.js": "a7db8336dd39f636500edf210e8eeccbcca7ada7",
    "/30.c0777d9df0a35500172d.js": "5fb3b5798990be381d5a4c6e91a787645c9f52d9",
    "/31.336f6a96953c2f606ffa.js": "f7209d570118f7538baa628bc8858b8d5a2a4d38",
    "/32.9241150142c685502574.js": "02474e3388626ca3d175a81abd0dce6f8e3389e1",
    "/33.1127bfd67fbb41a30b18.js": "fac481169ab5abc98ff6d9723217f98d2ac7ba42",
    "/34.5382e8f2a2576ca9e664.js": "2fc638ee6fcc6bedbd0c1acce52ba5fe2b9f5047",
    "/35.0c821e67846bb361015a.js": "366352a6ac3762f1cb2c4b7930cbca9ef55985f7",
    "/36.6812e64ee550d04ab492.js": "2a56f7abeefee1eee2d1b6058387f9c088b730dd",
    "/37.feac9e3d73238ee6e7b3.js": "155cc6c9f4dff5dd076da00c9a266d6463605155",
    "/38.310f0ceabf67925449f1.js": "df7e136f0d2a2c57904dc20907279608298d4b11",
    "/39.91da03d3835af68bd728.js": "43ff1be7f41ef33d944b855d17069e9356b276d5",
    "/4.23a27eb1de32d69bcd8e.js": "ff50eb9536b33474b35ff4fac4b1c4e18431ae98",
    "/40.56fa1aa151bac90bc1f8.js": "67e3331ec29908ce3a1abae01dd1644d4a1dccfd",
    "/41.a40ec70f04683c9b9eb2.js": "71e5744e2b9982c1815c85a2e61511ff1e89c471",
    "/42.22bf684a70f204c01cfb.js": "c0ea4f8dfe840957f0d18b4cd85c0159e29611cd",
    "/43.5f2565b390a27f070031.js": "3594d67a53ce7e6dcaddc77c03f377090e186ffc",
    "/44.0612be37db88d646aad1.js": "aea8bd236615e7480457b09414feababb9b8adda",
    "/45.6b7ee36a16a69a11e459.js": "26d549086011ea74d1258f92c0a51d3342849e7c",
    "/46.599f1613f11766e63e4e.js": "42bb7199899747eed5c2be5f03aaa329aadf40d2",
    "/47.6ef43fdf166789bd7d28.js": "406f3214bd7fd588d19aedafcc04d587648f8cda",
    "/48.19b38f4f2a7482ca8b01.js": "260adc16b5269439679d0b132f966ee11aa33172",
    "/49.83f6dd3d1b4c469e8424.js": "5877420a2318edfd987c0d5c5f5d0a00f3f26c19",
    "/5.f151b486a3b5da1d5e55.js": "7ec3f55897c399ad90a5dbdb07b0b7caca6140c0",
    "/50.4408ff38cbe462f34cdb.js": "eb5569f1ea547e318b9367503bb07241d1d881c3",
    "/51.61c330c386b96a2a7aa0.js": "064acf3159347096e4381868f0e3baebd1d8f968",
    "/52.21138ae6c1f3bbdc70c1.js": "629b4bdf5dc6afb19eab038cf98d29f29b9efde6",
    "/53.168239c70155aa894389.js": "8859240ae5b9be82c86a99b0839b51235b34a7c1",
    "/54.ca7108ef4f0136f83806.js": "d3c7cab3ca73022b83debd0264a3e52aed529a62",
    "/55.95eedbb8a24fdbf9fdc4.js": "a332dbe2e268f01126426d303f163b61fee6d37f",
    "/56.3cf05e1978feb75670b2.js": "49fcf32e0ba597f3216f79f5a192553d8cbfc053",
    "/57.189949dc9f43dfd0fe8c.js": "5e15e20440f532a0df03d36f7923f993271e72c6",
    "/58.94e770046db3aa228a95.js": "c0cfc73440f331d330108556961303b23c155953",
    "/59.2d94ef88629453a27c6c.js": "8eb6df26d9f3a1e454cfbf1405b2f8cfd7ac585c",
    "/6.1e9c31e1689f42671d09.js": "04d5512e1cdb2c23f218c5238230d8dca83bb7e6",
    "/60.07da7f3e3dee50e5a2db.js": "f30648c8bd775f838433be2cfad6b0da241bfc1c",
    "/61.4186e84a83e99b2757e8.js": "29c0875f6198fa89cb11da04391e5305e4572bb1",
    "/62.b876dc1c448fac45323e.js": "d1885cccb8bb3af84e0354017153362346407e38",
    "/63.5ab765f6b879151b3598.js": "9bb01a7d912e412b8dc7978ddf7b9a58b4aabfcd",
    "/64.33bceda99af6e71ac056.js": "ae15343e532d6e819b6690403286a8df381367dd",
    "/65.4370e4be00d6be30b020.js": "2672d0a93f3c7d08683af4913f88a0898008a921",
    "/66.8ea3900370965a4d37cb.js": "c5e9d05a382c91fbf3722288e6fb0866a1744559",
    "/67.0090c7b3e42b622359b6.js": "f16f4598d83cfc7480d34f4f7efc064ce31f82be",
    "/68.18f687b039801fc25c82.js": "2a196814b62c080d04d472719828275de2e82ea9",
    "/69.74ef5ee40b51e78c71ba.js": "478d7e22f907b61f694c5a3ac01bd8a34b8af1a0",
    "/7.55617726c9c6afe6e7ab.js": "a8f5d687568ed5cdaaf9b1639d18a4a4d083c2a3",
    "/70.e783ec3bec707142605a.js": "8798d5f12da51ce19e8066b673cb57171725b92a",
    "/71.b98b192b50a4b1817af4.js": "e90d71f848d2b22470562acf9b767f33a1c2b8f4",
    "/72.d6d7f5336d0f70f5440c.js": "10e0d578a43184fe7e1ade09bb646e58f70a918e",
    "/73.6dd80d5a035207e87292.js": "5168a42032299aaa38c13f48f60672b8db9a5bf2",
    "/74.fbd070924937b09d7ce1.js": "df33d3dc786f6289f7ecb4d9976b1d4729a69feb",
    "/75.4b508418e2f76761d513.js": "9e57c839b79d939a39b0202aa29a20176cce6f80",
    "/76.677c64561e1491db8d46.js": "fcb1797552e2db735eeeb9cbdf86015f122a7dcc",
    "/77.077033a93d2c6f81d005.js": "960f6d3cc17f7b0dfee7a903ea56c8bc8e5924e9",
    "/78.a184e82932a95a8ec2f0.js": "cf92ecbb6a01b92b5cfffeb81bc36fa137edf477",
    "/79.61268c54eaf80dbda24c.js": "b057dcf8481c74cea08d7e3949a2ac2a8d16886d",
    "/8.a4c61bedce5b9e873c4d.js": "894c706da4e049738769615524dda0ab64a3acbe",
    "/80.1b10e7aebef9c8648c92.js": "23f06f66f164ad3c25a968348fa609b6727e99a1",
    "/81.54298f8304c9ff6b8fa3.js": "85f4c5eef7fb3ae715655477f07dc8deff7c6946",
    "/82.9406fe00371d69de9740.js": "fab63ca2522c449eb3f2f53795285240c3111536",
    "/83.f6c6e6b15f9c1d7a886c.js": "f4e84bce8ab7afe0999751b4330672c48a342b5b",
    "/84.89fb00fb1b2aa4b29fe9.js": "97f748a28c3e02df934f55747f297267151b61ea",
    "/85.7100a1d5255abf9cba2a.js": "a5212574ce98a2f64db4259741d42b40a12c24b3",
    "/86.b60d3c0911d9795cf9ad.js": "d0324c0044ae941d645dc085feb2c92b00e34949",
    "/87.4e66d03147ae5ef5a039.js": "96c23fb8f35815ef4da5e3101be0ec64df7b327e",
    "/88.79346bfd84e523fc9b6c.js": "a6cf3496891a15cb085d0fd4e365975992909600",
    "/89.8751fc7c088ba70837bb.js": "9948fd373ff6cbb4c08ca82f389318c22bc8e755",
    "/90.648a84e800d69f6c6ab6.js": "b9a257f1d587b41b8a0559920ba7c26f92cf9ef9",
    "/91.6a81bcb315e90bf6bfb1.js": "e9b5c97bb0a785e20e6cb7d3d725264a5a2f4d31",
    "/92.11547061753f4eb2a2d5.js": "53f69872193166a5a57dbcb8c1b4822014b30d62",
    "/93.c56f23063746d93e6df3.js": "970af8fd8e4727372e6e623ebdd745334464ad26",
    "/94.a2356a18f7c10c7e3adf.js": "d991e09fa5793310192d9b4b73cb12ccf6fd8d9f",
    "/95.8ca5e1648e58aea4f735.js": "4820cfb70f953ec208ea0b9f2d04110118373255",
    "/96.f3d41707a25645ddb2f2.js": "3cdab4a6d2133f95070352f7110df144d44d4cc7",
    "/assets/i18n/en.json": "bc6f6676a2abae9575c01938179a73a5474e2cd2",
    "/assets/i18n/es.json": "46a046adf50f850803769c13e1d9352028ba6511",
    "/assets/i18n/pt.json": "26263118a2e2862e4a0c26b1f65c8cffdde79498",
    "/assets/icon/favicon.png": "18231c4fbf55bd80d03a7271e6fefda1b0881a00",
    "/assets/icons/icon-128x128.png": "653c7b8a79349b6229a4a0142cbfd9d3948b0fb3",
    "/assets/icons/icon-144x144.png": "8c32ca6f8ae49e661ce2ba75c381904724f95e34",
    "/assets/icons/icon-152x152.png": "8c32ca6f8ae49e661ce2ba75c381904724f95e34",
    "/assets/icons/icon-192x192.png": "cc244be776fef9d8b46e83f3595349963e91d0f3",
    "/assets/icons/icon-384x384.png": "cc244be776fef9d8b46e83f3595349963e91d0f3",
    "/assets/icons/icon-512x512.png": "cc244be776fef9d8b46e83f3595349963e91d0f3",
    "/assets/icons/icon-72x72.png": "18231c4fbf55bd80d03a7271e6fefda1b0881a00",
    "/assets/icons/icon-96x96.png": "653c7b8a79349b6229a4a0142cbfd9d3948b0fb3",
    "/assets/images/logo.png": "0ce405e4a15b6871e33085fddf8a316e827acb36",
    "/assets/images/sem_foto.jpg": "70cd13e9978a3ffbd620e0167b79854662365b5c",
    "/common.a9b08234626bdd08e359.js": "aa37c5d46e070dd05954fcef93ebf6cf23e3254e",
    "/index.html": "c5a22bddbfd046ddbfb0d6a7eb1228382a8f05f6",
    "/main.32a73b43091b850b8419.js": "d868206208adbecf2a46a600984bb39a276338d8",
    "/polyfills-es5.202c59e2c59b3d61d0d5.js": "b8c8ec74df28a35e703cb126fe6a5c3a329bbadb",
    "/polyfills.3dc276a142ae9b623bbf.js": "d213228cb4f3e1fb1de7bcc1423f03af7eff6e82",
    "/runtime.81506cfb575d79e11b54.js": "ab9375b631e142f1153a13b2b9b5eef3be3d5b78",
    "/styles.8338654b53b6742e9a15.css": "810f0635771d228c6af5e4394a350dcf94e9cb4f"
  },
  "navigationUrls": [
    {
      "positive": true,
      "regex": "^\\/.*$"
    },
    {
      "positive": false,
      "regex": "^\\/(?:.+\\/)?[^/]*\\.[^/]*$"
    },
    {
      "positive": false,
      "regex": "^\\/(?:.+\\/)?[^/]*__[^/]*$"
    },
    {
      "positive": false,
      "regex": "^\\/(?:.+\\/)?[^/]*__[^/]*\\/.*$"
    }
  ]
}